<?xml version="1.0" encoding="utf-8"?>
<!--/1478776/1387194/2.50/2/3/Inductor/-->
<quadcept_library>
  <setting unit="mil" />
  <textstyle name="Default" height="47.244094488189" strokewidth="7.8740157480315" charwidth="47.244094488189" />
  <textstyle name="Dimension" height="19.6850393700787" strokewidth="0" charwidth="19.6850393700787" />
  <textstyle name="H127W0635TH00762" height="50" strokewidth="3" charwidth="25" />
  <textstyle name="H15W15TH02" height="59.0551181102362" strokewidth="7.8740157480315" charwidth="59.0551181102362" />
  <padstyle name="r490_355" surface="True" plated="False" isvia="False" nopaste="False" nomask="True" complex="False" holesize="0">
    <padshape layer="TOP" shape="rectangle" width="139.76377952756" height="192.91338582677" />
    <padshape layer="TOP_SOLDER_MASK" shape="rectangle" width="147.63779527559" height="200.7874015748" />
    <padshape layer="TOP_SOLDER_PASTE" shape="rectangle" width="139.76377952756" height="192.91338582677" />
  </padstyle>
  <footprint name="INDPM135126X650N" originx="0" originy="0" pickpointx="0" pickpointy="0">
    <pcbpin number="1" name="1" style="r490_355" originx="-226.3779527559" originy="0" rotation="0" />
    <pcbpin number="2" name="2" style="r490_355" originx="226.3779527559" originy="0" rotation="0" />
    <line layer="TOP_PLACE_BOUND" originx="-306.10236220472" originy="261.81102362204" endx="306.10236220472" endy="261.81102362204" width="1.9685039370079" />
    <line layer="TOP_PLACE_BOUND" originx="306.10236220472" originy="261.81102362204" endx="306.10236220472" endy="-261.81102362204" width="1.9685039370079" />
    <line layer="TOP_PLACE_BOUND" originx="306.10236220472" originy="-261.81102362204" endx="-306.10236220472" endy="-261.81102362204" width="1.9685039370079" />
    <line layer="TOP_PLACE_BOUND" originx="-306.10236220472" originy="-261.81102362204" endx="-306.10236220472" endy="261.81102362204" width="1.9685039370079" />
    <line layer="TOP_ASSEMBLY" originx="-265.74803149606" originy="248.03149606299" endx="265.74803149606" endy="248.03149606299" width="3.9370078740157" />
    <line layer="TOP_ASSEMBLY" originx="265.74803149606" originy="248.03149606299" endx="265.74803149606" endy="-248.03149606299" width="3.9370078740157" />
    <line layer="TOP_ASSEMBLY" originx="265.74803149606" originy="-248.03149606299" endx="-265.74803149606" endy="-248.03149606299" width="3.9370078740157" />
    <line layer="TOP_ASSEMBLY" originx="-265.74803149606" originy="-248.03149606299" endx="-265.74803149606" endy="248.03149606299" width="3.9370078740157" />
    <line layer="TOP_SILKSCREEN" originx="265.74803149606" originy="248.03149606299" endx="-265.74803149606" endy="248.03149606299" width="7.8740157480314" />
    <line layer="TOP_SILKSCREEN" originx="-265.74803149606" originy="-248.03149606299" endx="265.74803149606" endy="-248.03149606299" width="7.8740157480314" />
  </footprint>
  <symbol name="PA4343.682ANLT" originx="0" originy="0">
    <arc originx="250" originy="-2" startangle="177.7" sweepangle="-175.4" radius="50" width="0" />
    <arc originx="350" originy="-2" startangle="177.7" sweepangle="-175.4" radius="50" width="0" />
    <arc originx="450" originy="-2" startangle="177.7" sweepangle="-175.4" radius="50" width="0" />
    <arc originx="550" originy="-2" startangle="177.7" sweepangle="-175.4" radius="50" width="0" />
    <sympin number="1" originx="200" originy="0" rotation="180" length="100" width="7.8740157480315" flipped="False">
      <text name="pinname" originx="0" originy="-10" style="Default" rotation="0" justify="upperleft" flipped="False" hidden="True" data="1" />
      <text name="pindes" originx="0" originy="10" style="Default" rotation="0" justify="lowerleft" flipped="False" hidden="False" data="1" />
    </sympin>
    <sympin number="2" originx="600" originy="0" rotation="0" length="100" width="7.8740157480315" flipped="False">
      <text name="pinname" originx="800" originy="-10" style="Default" rotation="0" justify="upperright" flipped="False" hidden="True" data="2" />
      <text name="pindes" originx="800" originy="10" style="Default" rotation="0" justify="lowerright" flipped="False" hidden="False" data="2" />
    </sympin>
  </symbol>
  <component name="PA4343.682ANLT" designatorprefix="L" height="255.90551181102" footprint="INDPM135126X650N">
    <comppin designator="1" sympin="1" pinswap="0" gateswap="0" gate="1" group="1" side="" type="Any" name="1" />
    <comppin designator="2" sympin="2" pinswap="0" gateswap="0" gate="1" group="1" side="" type="Any" name="2" />
    <attached_symbol gate="1" name="PA4343.682ANLT" />
    <pinmap designator="1" footprintpin="1" />
    <pinmap designator="2" footprintpin="2" />
    <text name="Datasheet" originx="0" originy="0" style="Default" rotation="0" justify="" flipped="False" hidden="True" data="https://datasheet.datasheetarchive.com/originals/distributors/DKDS-10/182652.pdf" />
    <text name="Description" originx="0" originy="0" style="Default" rotation="0" justify="" flipped="False" hidden="True" data="PULSE ELECTRONICS - PA4343.682ANLT - INDUCTOR, SHIELDED, AEC-Q200, 6.8UH, 14A" />
    <text name="Mouser Part Number" originx="0" originy="0" style="Default" rotation="0" justify="" flipped="False" hidden="True" data="673-PA4343.682ANLT" />
    <text name="Mouser Price/Stock" originx="0" originy="0" style="Default" rotation="0" justify="" flipped="False" hidden="True" data="https://www.mouser.co.uk/ProductDetail/Pulse-Electronics/PA4343.682ANLT?qs=chTDxNqvsymdGvgwnDGbsw%3D%3D" />
    <text name="Manufacturer_Name" originx="0" originy="0" style="Default" rotation="0" justify="" flipped="False" hidden="True" data="PULSE" />
    <text name="Manufacturer_Part_Number" originx="650" originy="150" style="Default" rotation="0" justify="left" flipped="False" hidden="False" data="PA4343.682ANLT" />
  </component>
</quadcept_library>
