<?xml version="1.0" encoding="utf-8"?>
<!--/652326/1387194/2.50/4/4/Connector/-->
<quadcept_library>
  <setting unit="mil" />
  <textstyle name="Default" height="47.244094488189" strokewidth="7.8740157480315" charwidth="47.244094488189" />
  <textstyle name="Dimension" height="19.6850393700787" strokewidth="0" charwidth="19.6850393700787" />
  <textstyle name="H127W0635TH00762" height="50" strokewidth="3" charwidth="25" />
  <textstyle name="H15W15TH02" height="59.0551181102362" strokewidth="7.8740157480315" charwidth="59.0551181102362" />
  <padstyle name="r290_100" surface="True" plated="False" isvia="False" nopaste="False" nomask="True" complex="False" holesize="0">
    <padshape layer="TOP" shape="rectangle" width="39.370078740157" height="114.17322834646" />
    <padshape layer="TOP_SOLDER_MASK" shape="rectangle" width="47.244094488188" height="122.04724409449" />
    <padshape layer="TOP_SOLDER_PASTE" shape="rectangle" width="39.370078740157" height="114.17322834646" />
  </padstyle>
  <padstyle name="r360_180" surface="True" plated="False" isvia="False" nopaste="False" nomask="True" complex="False" holesize="0">
    <padshape layer="TOP" shape="rectangle" width="70.866141732283" height="141.73228346457" />
    <padshape layer="TOP_SOLDER_MASK" shape="rectangle" width="78.740157480314" height="149.6062992126" />
    <padshape layer="TOP_SOLDER_PASTE" shape="rectangle" width="70.866141732283" height="141.73228346457" />
  </padstyle>
  <footprint name="5024430270" originx="0" originy="0" pickpointx="0" pickpointy="0">
    <pcbpin number="1" name="1" style="r290_100" originx="49.999999999999" originy="0" rotation="0" />
    <pcbpin number="2" name="2" style="r290_100" originx="-49.999999999999" originy="0" rotation="0" />
    <pcbpin number="3" name="MP1" style="r360_180" originx="142.51968503937" originy="-183.07086614173" rotation="0" />
    <pcbpin number="4" name="MP2" style="r360_180" originx="-142.51968503937" originy="-183.07086614173" rotation="0" />
    <line layer="TOP_ASSEMBLY" originx="-157.48031496063" originy="-20.669291338582" endx="157.48031496063" endy="-20.669291338582" width="7.8740157480314" />
    <line layer="TOP_ASSEMBLY" originx="157.48031496063" originy="-20.669291338582" endx="157.48031496063" endy="-290.35433070866" width="7.8740157480314" />
    <line layer="TOP_ASSEMBLY" originx="157.48031496063" originy="-290.35433070866" endx="-157.48031496063" endy="-290.35433070866" width="7.8740157480314" />
    <line layer="TOP_ASSEMBLY" originx="-157.48031496063" originy="-290.35433070866" endx="-157.48031496063" endy="-20.669291338582" width="7.8740157480314" />
    <line layer="TOP_PLACE_BOUND" originx="-197.63779527559" originy="76.771653543306" endx="197.63779527559" endy="76.771653543306" width="3.9370078740157" />
    <line layer="TOP_PLACE_BOUND" originx="197.63779527559" originy="76.771653543306" endx="197.63779527559" endy="-310.03937007874" width="3.9370078740157" />
    <line layer="TOP_PLACE_BOUND" originx="197.63779527559" originy="-310.03937007874" endx="-197.63779527559" endy="-310.03937007874" width="3.9370078740157" />
    <line layer="TOP_PLACE_BOUND" originx="-197.63779527559" originy="-310.03937007874" endx="-197.63779527559" endy="76.771653543306" width="3.9370078740157" />
    <line layer="TOP_SILKSCREEN" originx="-157.48031496063" originy="-57.086614173228" endx="-157.48031496063" endy="-57.086614173228" width="3.9370078740157" />
    <line layer="TOP_SILKSCREEN" originx="-157.48031496063" originy="-57.086614173228" endx="-157.48031496063" endy="-20.669291338582" width="3.9370078740157" />
    <line layer="TOP_SILKSCREEN" originx="-157.48031496063" originy="-20.669291338582" endx="-98.425196850392" endy="-20.669291338582" width="3.9370078740157" />
    <line layer="TOP_SILKSCREEN" originx="98.425196850392" originy="-20.669291338582" endx="157.48031496063" endy="-20.669291338582" width="3.9370078740157" />
    <line layer="TOP_SILKSCREEN" originx="157.48031496063" originy="-20.669291338582" endx="157.48031496063" endy="-57.086614173228" width="3.9370078740157" />
    <line layer="TOP_SILKSCREEN" originx="-15.748031496063" originy="-20.669291338582" endx="15.748031496063" endy="-20.669291338582" width="3.9370078740157" />
    <line layer="TOP_SILKSCREEN" originx="90.551181102361" originy="25.590551181102" endx="90.551181102361" endy="25.590551181102" width="7.8740157480314" />
    <arc layer="TOP_SILKSCREEN" originx="90.551181102361" originy="21.653543307086" startangle="90.0" sweepangle="180.0" radius="3.9370078740157" width="7.8740157480314" />
    <line layer="TOP_SILKSCREEN" originx="90.551181102361" originy="17.716535433071" endx="90.551181102361" endy="17.716535433071" width="7.8740157480314" />
    <arc layer="TOP_SILKSCREEN" originx="90.551181102361" originy="21.653543307086" startangle="-90.0" sweepangle="180.0" radius="3.9370078740157" width="7.8740157480314" />
    <line layer="TOP_SILKSCREEN" originx="-157.48031496063" originy="-275.5905511811" endx="-157.48031496063" endy="-290.35433070866" width="3.9370078740157" />
    <line layer="TOP_SILKSCREEN" originx="-157.48031496063" originy="-290.35433070866" endx="157.48031496063" endy="-290.35433070866" width="3.9370078740157" />
    <line layer="TOP_SILKSCREEN" originx="157.48031496063" originy="-290.35433070866" endx="157.48031496063" endy="-275.5905511811" width="3.9370078740157" />
  </footprint>
  <symbol name="502443-0270" originx="0" originy="0">
    <line originx="200" originy="100" endx="700" endy="100" width="0" />
    <line originx="700" originy="-200" endx="700" endy="100" width="0" />
    <line originx="700" originy="-200" endx="200" endy="-200" width="0" />
    <line originx="200" originy="100" endx="200" endy="-200" width="0" />
    <sympin number="1" originx="700" originy="-100" rotation="0" length="100" width="7.8740157480315" flipped="False">
      <text name="pinname" originx="670" originy="-100" style="Default" rotation="0" justify="right" flipped="False" hidden="False" data="1" />
      <text name="pindes" originx="760" originy="-80" style="Default" rotation="0" justify="lowerleft" flipped="False" hidden="False" data="1" />
    </sympin>
    <sympin number="2" originx="700" originy="0" rotation="0" length="100" width="7.8740157480315" flipped="False">
      <text name="pinname" originx="670" originy="0" style="Default" rotation="0" justify="right" flipped="False" hidden="False" data="2" />
      <text name="pindes" originx="760" originy="20" style="Default" rotation="0" justify="lowerleft" flipped="False" hidden="False" data="2" />
    </sympin>
    <sympin number="3" originx="200" originy="-100" rotation="180" length="100" width="7.8740157480315" flipped="False">
      <text name="pinname" originx="230" originy="-100" style="Default" rotation="0" justify="left" flipped="False" hidden="False" data="MP1" />
      <text name="pindes" originx="140" originy="-80" style="Default" rotation="0" justify="lowerright" flipped="False" hidden="False" data="MP1" />
    </sympin>
    <sympin number="4" originx="200" originy="0" rotation="180" length="100" width="7.8740157480315" flipped="False">
      <text name="pinname" originx="230" originy="0" style="Default" rotation="0" justify="left" flipped="False" hidden="False" data="MP2" />
      <text name="pindes" originx="140" originy="20" style="Default" rotation="0" justify="lowerright" flipped="False" hidden="False" data="MP2" />
    </sympin>
  </symbol>
  <component name="502443-0270" designatorprefix="J" height="293.30708661417" footprint="5024430270">
    <comppin designator="1" sympin="1" pinswap="0" gateswap="0" gate="1" group="1" side="" type="Any" name="1" />
    <comppin designator="2" sympin="2" pinswap="0" gateswap="0" gate="1" group="1" side="" type="Any" name="2" />
    <comppin designator="MP1" sympin="3" pinswap="0" gateswap="0" gate="1" group="1" side="" type="Any" name="MP1" />
    <comppin designator="MP2" sympin="4" pinswap="0" gateswap="0" gate="1" group="1" side="" type="Any" name="MP2" />
    <attached_symbol gate="1" name="502443-0270" />
    <pinmap designator="1" footprintpin="1" />
    <pinmap designator="2" footprintpin="2" />
    <pinmap designator="MP1" footprintpin="3" />
    <pinmap designator="MP2" footprintpin="4" />
    <text name="Datasheet" originx="0" originy="0" style="Default" rotation="0" justify="" flipped="False" hidden="True" data="https://componentsearchengine.com/Datasheets/1/502443-0270.pdf" />
    <text name="Description" originx="0" originy="0" style="Default" rotation="0" justify="" flipped="False" hidden="True" data="2.00mm Pitch CLIK-Mate Wire-to-Board PCB Receptacle, Single Row, Vertical, 02 Circuits" />
    <text name="Mouser Part Number" originx="0" originy="0" style="Default" rotation="0" justify="" flipped="False" hidden="True" data="538-502443-0270" />
    <text name="Mouser Price/Stock" originx="0" originy="0" style="Default" rotation="0" justify="" flipped="False" hidden="True" data="https://www.mouser.co.uk/ProductDetail/Molex/502443-0270?qs=NYG%2FSvoKwdGCWyoWfQm9OQ%3D%3D" />
    <text name="Manufacturer_Name" originx="0" originy="0" style="Default" rotation="0" justify="" flipped="False" hidden="True" data="Molex" />
    <text name="Manufacturer_Part_Number" originx="750" originy="200" style="Default" rotation="0" justify="left" flipped="False" hidden="False" data="502443-0270" />
  </component>
</quadcept_library>
