<?xml version="1.0" encoding="utf-8"?>
<!--/1088175/1387194/2.50/2/4/Zener Diode/-->
<quadcept_library>
  <setting unit="mil" />
  <textstyle name="Default" height="47.244094488189" strokewidth="7.8740157480315" charwidth="47.244094488189" />
  <textstyle name="Dimension" height="19.6850393700787" strokewidth="0" charwidth="19.6850393700787" />
  <textstyle name="H127W0635TH00762" height="50" strokewidth="3" charwidth="25" />
  <textstyle name="H15W15TH02" height="59.0551181102362" strokewidth="7.8740157480315" charwidth="59.0551181102362" />
  <padstyle name="r55_45" surface="True" plated="False" isvia="False" nopaste="False" nomask="True" complex="False" holesize="0">
    <padshape layer="TOP" shape="rectangle" width="17.716535433071" height="21.653543307086" />
    <padshape layer="TOP_SOLDER_MASK" shape="rectangle" width="25.590551181102" height="29.527559055118" />
    <padshape layer="TOP_SOLDER_PASTE" shape="rectangle" width="17.716535433071" height="21.653543307086" />
  </padstyle>
  <footprint name="CDZVT2R20B" originx="0" originy="0" pickpointx="0" pickpointy="0">
    <pcbpin number="1" name="1" style="r55_45" originx="0" originy="18.700787401575" rotation="90" />
    <pcbpin number="2" name="2" style="r55_45" originx="0" originy="-18.700787401575" rotation="90" />
    <line layer="TOP_ASSEMBLY" originx="11.811023622047" originy="17.716535433071" endx="-11.811023622047" endy="17.716535433071" width="3.9370078740157" />
    <line layer="TOP_ASSEMBLY" originx="-11.811023622047" originy="17.716535433071" endx="-11.811023622047" endy="-17.716535433071" width="3.9370078740157" />
    <line layer="TOP_ASSEMBLY" originx="-11.811023622047" originy="-17.716535433071" endx="11.811023622047" endy="-17.716535433071" width="3.9370078740157" />
    <line layer="TOP_ASSEMBLY" originx="11.811023622047" originy="-17.716535433071" endx="11.811023622047" endy="17.716535433071" width="3.9370078740157" />
    <line layer="TOP_PLACE_BOUND" originx="-31.496062992126" originy="47.244094488188" endx="31.496062992126" endy="47.244094488188" width="3.9370078740157" />
    <line layer="TOP_PLACE_BOUND" originx="31.496062992126" originy="47.244094488188" endx="31.496062992126" endy="-47.244094488188" width="3.9370078740157" />
    <line layer="TOP_PLACE_BOUND" originx="31.496062992126" originy="-47.244094488188" endx="-31.496062992126" endy="-47.244094488188" width="3.9370078740157" />
    <line layer="TOP_PLACE_BOUND" originx="-31.496062992126" originy="-47.244094488188" endx="-31.496062992126" endy="47.244094488188" width="3.9370078740157" />
    <line layer="TOP_SILKSCREEN" originx="-1.9685039370079" originy="35.433070866141" endx="-1.9685039370079" endy="35.433070866141" width="3.9370078740157" />
    <arc layer="TOP_SILKSCREEN" originx="-5.4636959873285E-16" originy="35.433070866141" startangle="180.0" sweepangle="180.0" radius="1.9685039370078" width="3.9370078740157" />
    <line layer="TOP_SILKSCREEN" originx="1.9685039370079" originy="35.433070866141" endx="1.9685039370079" endy="35.433070866141" width="3.9370078740157" />
    <arc layer="TOP_SILKSCREEN" originx="-5.4636959873285E-16" originy="35.433070866141" startangle=".0" sweepangle="180.0" radius="1.9685039370078" width="3.9370078740157" />
  </footprint>
  <symbol name="CDZVT2R12B" originx="0" originy="0">
    <line originx="200" originy="80" endx="200" endy="-80" width="0" />
    <line originx="200" originy="80" endx="240" endy="100" width="0" />
    <line originx="160" originy="-100" endx="200" endy="-80" width="0" />
    <line originx="100" originy="0" endx="200" endy="0" width="0" />
    <line originx="500" originy="0" endx="400" endy="0" width="0" />
    <sympin number="1" originx="100" originy="0" rotation="180" length="100" width="7.8740157480315" flipped="False">
      <text name="pinname" originx="140" originy="10" style="Default" rotation="0" justify="left" flipped="False" hidden="True" data="K" />
      <text name="pindes" originx="60" originy="10" style="Default" rotation="0" justify="lowerright" flipped="False" hidden="False" data="1" />
    </sympin>
    <sympin number="2" originx="500" originy="0" rotation="0" length="100" width="7.8740157480315" flipped="False">
      <text name="pinname" originx="460" originy="10" style="Default" rotation="0" justify="right" flipped="False" hidden="True" data="A" />
      <text name="pindes" originx="540" originy="10" style="Default" rotation="0" justify="lowerleft" flipped="False" hidden="False" data="2" />
    </sympin>
    <polygon type="polygon">
      <point x="200" y="0" />
      <point x="400" y="100" />
      <point x="400" y="-100" />
    </polygon>
  </symbol>
  <component name="CDZVT2R12B" designatorprefix="Z" height="15.748031496063" footprint="CDZVT2R20B">
    <comppin designator="1" sympin="1" pinswap="0" gateswap="0" gate="1" group="1" side="" type="Any" name="K" />
    <comppin designator="2" sympin="2" pinswap="0" gateswap="0" gate="1" group="1" side="" type="Any" name="A" />
    <attached_symbol gate="1" name="CDZVT2R12B" />
    <pinmap designator="1" footprintpin="1" />
    <pinmap designator="2" footprintpin="2" />
    <text name="Datasheet" originx="0" originy="0" style="Default" rotation="0" justify="" flipped="False" hidden="True" data="https://componentsearchengine.com/Datasheets/2/CDZVT2R12B.pdf" />
    <text name="Description" originx="0" originy="0" style="Default" rotation="0" justify="" flipped="False" hidden="True" data="Zener Diodes Zener Diode" />
    <text name="Mouser Part Number" originx="0" originy="0" style="Default" rotation="0" justify="" flipped="False" hidden="True" data="755-CDZVT2R12B" />
    <text name="Mouser Price/Stock" originx="0" originy="0" style="Default" rotation="0" justify="" flipped="False" hidden="True" data="https://www.mouser.co.uk/ProductDetail/ROHM-Semiconductor/CDZVT2R12B?qs=lrf6x%2Foh5fDhgWCnzFrvQA%3D%3D" />
    <text name="Manufacturer_Name" originx="0" originy="0" style="Default" rotation="0" justify="" flipped="False" hidden="True" data="ROHM Semiconductor" />
    <text name="Manufacturer_Part_Number" originx="400" originy="250" style="Default" rotation="0" justify="left" flipped="False" hidden="False" data="CDZVT2R12B" />
  </component>
</quadcept_library>
